Station,StationName,Contact,Program,Email,IncludedInDataset,SensorStatus,PositionOfSensorMeasurement,PositionOfSensorAttachment,DistanceFromSensorAttachmentPoint,SensorDepth,ChangesSensorDeployment,InstrumentManufacturer,InstrumentModel,CDECUnits,CDECPrecision,SensorAccuracy,BackupSensor,DataTreated,DataTreatmentDescription,DistanceFromShore,Comments,AdditionalDataSource,StationNumber,StartDateAdditionalData,EndDateAdditionalData
ANC,ANTIOCH (USBR),Thomas Moser,BOR-Tracy Field Office,TMoser@usbr.gov,Y,Discontinued,NA,NA,NA,NA,N,Hach,MS5,F,0.1,0.1,Y,Y,Treated from 3/2016 till decommission. We changed the sampling frequency from 15 minute instantaneous to 30 second burst with 15 minute averages on 3/10/2016,60,NA,NA,NA,NA,NA
CCS,CACHE SLOUGH,Thomas Moser,BOR-Tracy Field Office,TMoser@usbr.gov,Y,Discontinued,NA,NA,NA,NA,NA,Hach,NA,F,0.1,NA,NA,Y,NA,NA,NA,NA,NA,NA,NA
CLL,COLLINSVILLE,Thomas Moser,BOR-Tracy Field Office,TMoser@usbr.gov,Y,Active,Surface,Bottom,4.6,NA,N,Hach,"MS5 (until 2019), HL4 (From late 2019 forward)",F,0.1,0.1,Y,Y,We changed the sampling frequency from 15 minute instantaneous to 30 second burst with 15 minute averages on 2/9/2016,54,Site changed from single sonde deployment to two sonde deployment on 2/23/1999,NA,NA,NA,NA
CLL- Bottom Sensor,COLLINSVILLE,Thomas Moser,BOR-Tracy Field Office,TMoser@usbr.gov,N,Active,Bottom,Bottom,0.61,NA,N,Hach,"MS5 (until 2019), HL4 (From late 2019 forward)",NA,0.1,0.1,NA,Y,We changed the sampling frequency from 15 minute instantaneous to 30 second burst with 15 minute averages on 2/9/2017,54,Site changed from single sonde deployment to two sonde deployment on 2/23/2000,NA,NA,NA,NA
CNT,CONTRA COSTA,Thomas Moser,BOR-Tracy Field Office,TMoser@usbr.gov,Y,Active,NA,NA,NA,NA,N,Hach,"MS5 (Until 2019), HL4 (From late 2019 forward)",F,0.1,0.1,N,Y,We changed the sampling frequency from 15 minute instantaneous to 30 second burst with 15 minute averages on 2/9/2016,1,The Aqueduct originates from Rock Slough a tidally influenced river channel mainly freshwater,NA,NA,NA,NA
DMC,DMC HEADWORKS,Thomas Moser,BOR-Tracy Field Office,TMoser@usbr.gov,Y,Active,NA,NA,NA,NA,N,Hach,"MS5 (Until 2019), HL4 (From late 2019 forward)",F,0.1,0.1,N,Y,We changed the sampling frequency from 15 minute instantaneous to 30 second burst with 15 minute averages on 2/8/2016,1,Delta Mendota Canal ,NA,NA,NA,NA
EMM,EMMATON (USBR),Thomas Moser,BOR-Tracy Field Office,TMoser@usbr.gov,Y,Active,Surface,Surface,4.6,NA,Y,Hach,"MS5 (Until 2019), HL4 (From late 2019 forward)",F,0.1,0.1,Y,Y,We changed the sampling frequency from 15 minute instantaneous to 30 second burst with 15 minute averages on 3/4/2016,25,Site changed from single sonde deployment to two sonde deployment on 2/23/1999,NA,NA,NA,NA
EMM- Bottom Sensor,EMMATON (USBR),Thomas Moser,BOR-Tracy Field Office,TMoser@usbr.gov,N,Active,Bottom,Surface,7,NA,Y,Hach,"MS5 (Until 2019), HL4 (From late 2019 forward)",NA,0.1,0.1,NA,Y,We changed the sampling frequency from 15 minute instantaneous to 30 second burst with 15 minute averages on 3/4/2017,25,Site changed from single sonde deployment to two sonde deployment on 2/23/2000,NA,NA,NA,NA
FRP,FARRAR PARK,Thomas Moser,BOR-Tracy Field Office,TMoser@usbr.gov,Y,Active,Bottom,Bottom,1.2,NA,N,Hach,"MS5 (until 2019), HL4 (From late 2019 forward)",F,0.1,0.1,N,Y,We changed the sampling frequency from 15 minute instantaneous to 30 second burst with 15 minute averages on 3/4/2016,18,NA,NA,NA,NA,NA
GLN,GREEN'S LANDING,Thomas Moser,BOR-Tracy Field Office,TMoser@usbr.gov,Y,Discontinued,NA,NA,NA,NA,NA,Hach,NA,F,0.1,NA,NA,Y,NA,NA,NA,NA,NA,NA,NA
HLL,HOLLAND TRACT,Thomas Moser,BOR-Tracy Field Office,TMoser@usbr.gov,Y,Active,Bottom,Bottom,1.8,NA,N,Hach,HL4,F,0.1,0.1,N,Y,"We changed the sampling frequency from 15 minute instantaneous to 30 second burst with 15 minute averages. Do not know date, but most likely in 3/2016.",15,NA,NA,NA,NA,NA
JER,JERSEY POINT,Thomas Moser,BOR-Tracy Field Office,TMoser@usbr.gov,Y,Active,Bottom,Bottom,1.2,NA,N,Hach,"MS5 , HL4 (From late 2019 forward)",F,0.1,0.1,N,Y,"We changed the sampling frequency from 15 minute instantaneous to 30 second burst with 15 minute averages. Do not know date, but most likely in 3/2016.",10,NA,NA,NA,NA,NA
PCT,PORT CHICAGO,Thomas Moser,BOR-Tracy Field Office,TMoser@usbr.gov,Y,Active,Surface,Bottom,8.5,NA,N,Hach,"MS5 (until 2019), HL4 (From late 2019 forward)",F,0.1,0.1,Y,Y,"We changed the sampling frequency from 15 minute instantaneous to 30 second burst with 15 minute averages. Do not know date, but most likely in 3/2016.",320,Site changed from single sonde deployment to two sonde deployment on 4/06/1999,NA,NA,NA,NA
PCT - Bottom Sensor,PORT CHICAGO,Thomas Moser,BOR-Tracy Field Office,TMoser@usbr.gov,N,Active,Bottom,Bottom,5.2,NA,N,Hach,"MS5 (until 2019), HL4 (From late 2019 forward)",NA,0.1,0.1,NA,Y,"We changed the sampling frequency from 15 minute instantaneous to 30 second burst with 15 minute averages. Do not know date, but most likely in 3/2016.",320,Site changed from single sonde deployment to two sonde deployment on 4/06/2000,NA,NA,NA,NA
PTS,PITTSBURG,Thomas Moser,BOR-Tracy Field Office,TMoser@usbr.gov,Y,Active,NA,NA,NA,NA,N,Hach,"MS5 (Until 2021), HL4 (From 2021 forward)",F,0.1,0.1,Y,Y,We changed the sampling frequency from 15 minute instantaneous to 30 second burst with 15 minute averages on 3/10/2016,190,Site changed from single sonde deployment to two sonde deployment on 4/05/1999,NA,NA,NA,NA
RIV,RIO VISTA,Thomas Moser,BOR-Tracy Field Office,TMoser@usbr.gov,Y,Active,NA,NA,NA,NA,N,Hach,"MS5 (until 2021), HL4 (From 2021 forward)",F,0.1,0.1,N,Y,We changed the sampling frequency from 15 minute instantaneous to 30 second burst with 15 minute averages on 3/8/2016,290,NA,NA,NA,NA,NA
RPN,RIPON,Thomas Moser,BOR-Tracy Field Office,TMoser@usbr.gov,Y,Active,NA,NA,NA,NA,N,YSI,YSI 600 OMS V2 (1983 - Present),F,0.1,0.15,N,N,"We changed the sampling frequency from 15 minute instantaneous to 30 second burst with 15 minute averages. Do not know date, but most likely in 3/2016. Was changed back to 15 min instantaneous burst in 2018, but do not know exact date.",0,NA,NA,NA,NA,NA
SAL,SAN ANDREAS LANDING,Thomas Moser,BOR-Tracy Field Office,TMoser@usbr.gov,Y,Active,NA,NA,NA,NA,N,Hach,"MS5 (until 2017), HL4 (2017 - Present)",F,0.1,0.1,N,Y,We changed the sampling frequency from 15 minute instantaneous to 30 second burst with 15 minute averages on 2/11/2016,17,NA,NA,NA,NA,NA
STI,STATEN ISLAND,Thomas Moser,BOR-Tracy Field Office,TMoser@usbr.gov,Y,Active,NA,NA,NA,NA,N,Hach,"MS5 (until 2017), HL4 (2017 - Present)",F,0.1,0.1,N,Y,We changed the sampling frequency from 15 minute instantaneous to 30 second burst with 15 minute averages on 3/8/2016,30,NA,NA,NA,NA,NA
UNI,UNION ISLAND,Thomas Moser,BOR-Tracy Field Office,TMoser@usbr.gov,Y,Active,NA,NA,NA,NA,N,Hach,"MS5 (until 2017), HL4 (2017 - Present)",F,0.1,0.1,N,Y,We changed the sampling frequency from 15 minute instantaneous to 30 second burst with 15 minute averages on 2/11/2016,38,NA,NA,NA,NA,NA
VER,VERNALIS (USBR),Thomas Moser,BOR-Tracy Field Office,TMoser@usbr.gov,Y,Active,NA,NA,NA,NA,N,Hach,"MS5 (2002 - 2017), HL4 (2017 - Present)",F,0.1,0.1,N,Y,We changed the sampling frequency from 15 minute instantaneous to 30 second burst with 15 minute averages on 2/19/2016,20,NA,NA,NA,NA,NA
VIC,VICTORIA ISLAND,Thomas Moser,BOR-Tracy Field Office,TMoser@usbr.gov,Y,Active,NA,Bottom,0.61,NA,N,Hach,"MS5 (Until 2017), HL4 (2017 - Present)","F, C",0.1,0.1,N,Y,We changed the sampling frequency from 15 minute instantaneous to 30 second burst with 15 minute averages on 2/12/2016,12,NA,NA,NA,NA,NA
ANH,SAN JOAQUIN RIVER AT ANTIOCH,"Mike Dempsey, Michelle Nelson & Scott Waller",DES-Environmental Monitoring Program,Mike.Dempsey@water.ca.gov; Michelle.Nelson@water.ca.gov; Scott.Waller@water.ca.gov,Y,Active,Surface,Floating at Surface,1,1,N,YSI(2008-Present); Schneider Instruments (Prior to 2008),"EXO (07 DEC 2016-Present), 6600 (16 OCT 2008-07 DEC 2016), RM25 (Prior to 2008)","F, C",0.1,"0.2 (2014-Present), 0.15 (2008-2014), 0.5 (Prior to 2008)",N,N,NA,60,NA,Water Quality Portal (Internal DES),NA,5/24/1983,10/16/2008
ANH- Bottom Sensor,SAN JOAQUIN RIVER AT ANTIOCH,"Mike Dempsey, Michelle Nelson & Scott Waller",DES-Environmental Monitoring Program,Mike.Dempsey@water.ca.gov; Michelle.Nelson@water.ca.gov; Scott.Waller@water.ca.gov,N,Active,Bottom,Bottom,2,7,N,YSI,EXO,NA,0.1,"0.2 (2014-Present), 0.15 (2008-2014), 0.5 (Prior to 2008)",N,NA,NA,60,"Data not reported to CDEC, Sensor depths varies between 5.8 meters to 7.2 meters deep",Water Quality Portal (Internal DES),NA,1/17/2008,present
FRK,FRANK'S TRACT MID TRACT,"Mike Dempsey, Michelle Nelson & Scott Waller",DES-Environmental Monitoring Program,Mike.Dempsey@water.ca.gov; Michelle.Nelson@water.ca.gov; Scott.Waller@water.ca.gov,Y,Active,Surface,Fixed from Surface,"~1m under surface of the water, so it is fixed to the bottom, it does not float up and down with the tide",1,N,YSI,6600,F,0.1,0.15,N,N,NA,1500,Sensor depths vary between 0.8 and 2 feet;,Water Quality Portal (Internal DES),NA,NA,NA
GZB,GRIZZLY BAY BUOY,"Mike Dempsey, Michelle Nelson & Scott Waller",DES-Environmental Monitoring Program,Mike.Dempsey@water.ca.gov; Michelle.Nelson@water.ca.gov; Scott.Waller@water.ca.gov,Y,Active,Surface,Floating at Surface,1,1,N,YSI,EXO,F,0.1,0.2,N,N,NA,1000,Sensor depths vary between 0.67 and 0.76 feet,Water Quality Portal (Internal DES),NA,NA,NA
GZL,GRIZZLY BAY,"Mike Dempsey, Michelle Nelson & Scott Waller",DES-Environmental Monitoring Program,Mike.Dempsey@water.ca.gov; Michelle.Nelson@water.ca.gov; Scott.Waller@water.ca.gov,Y,Active,Surface,Fixed from Surface,"~1m under surface of the water, so it is fixed to the bottom, it does not float up and down with the tide",1,N,YSI,6600,F,0.1,0.15,N,N,NA,2200,Sensor depths vary between 0.45 and 2.2 feet,Water Quality Portal (Internal DES),NA,NA,NA
HON,HONKER BAY,"Mike Dempsey, Michelle Nelson & Scott Waller",DES-Environmental Monitoring Program,Mike.Dempsey@water.ca.gov; Michelle.Nelson@water.ca.gov; Scott.Waller@water.ca.gov,Y,Active,Surface,Fixed from Surface,"~1m under surface of the water, so it is fixed to the bottom, it does not float up and down with the tide",1,N,YSI,6600,F,0.1,0.15,N,N,NA,420,Sensor depths vary between 0.76 and 2.14 feet,Water Quality Portal (Internal DES),NA,NA,NA
MAL,SACRAMENTO RIVER AT MALLARD ISLAND,"Mike Dempsey, Michelle Nelson & Scott Waller",DES-Environmental Monitoring Program,Mike.Dempsey@water.ca.gov; Michelle.Nelson@water.ca.gov; Scott.Waller@water.ca.gov,Y,Active,Surface,Floating at Surface,1,1,N,YSI(2008-Present); Schneider Instruments (Prior to 2008),"EXO (14 JUL 2015-Present), 6600 ( 06 NOV 2008-14  JUL 2015), RM25 (Prior to 2008)",F,0.1,"0.2 (2014-Present), 0.15 (2008-2014), 0.5 (Prior to 2008)",N,N,NA,60,NA,Water Quality Portal (Internal DES),NA,1/23/1984,10/3/2008
MAL- Bottom Sensor,SACRAMENTO RIVER AT MALLARD ISLAND,"Mike Dempsey, Michelle Nelson & Scott Waller",DES-Environmental Monitoring Program,Mike.Dempsey@water.ca.gov; Michelle.Nelson@water.ca.gov; Scott.Waller@water.ca.gov,N,Active,Bottom,Bottom,2,7,N,YSI,"EXO (14 JUL 2015-Present), 6600 ( 06 NOV 2008-14  JUL 2015), RM25 (Prior to 2008)",NA,0.1,"0.2 (2014-Present), 0.15 (2008-2014), 0.5 (Prior to 2008)",N,NA,NA,60,Data not reported to CDEC; Sensor depths vary between 6.1 and 7.6 feet,Water Quality Portal (Internal DES),NA,1/16/2008,present
MRZ,MARTINEZ,"Mike Dempsey, Michelle Nelson & Scott Waller",DES-Environmental Monitoring Program,Mike.Dempsey@water.ca.gov; Michelle.Nelson@water.ca.gov; Scott.Waller@water.ca.gov,Y,Active,Surface,Floating at Surface,1,1,N,YSI(2008-Present); Schneider Instruments (Prior to 2008),"EXO (28 JUL 2014-Present), 6600 (06 FEB 2008-28 JUL 2014), RM25 (Prior to 2008)",F,0.1,"0.2 (2014-Present), 0.15 (2008-2014), 0.5 (Prior to 2008)",N,N,NA,275,NA,Water Quality Portal (Internal DES),NA,5/18/1983,8/21/2008
MRZ- Bottom Sensor,MARTINEZ,"Mike Dempsey, Michelle Nelson & Scott Waller",DES-Environmental Monitoring Program,Mike.Dempsey@water.ca.gov; Michelle.Nelson@water.ca.gov; Scott.Waller@water.ca.gov,N,Active,Bottom,Bottom,2,7,N,YSI,"EXO (28 JUL 2014-Present), 6600 (06 FEB 2008-28 JUL 2014), RM25 (Prior to 2008)",NA,0.1,"0.2 (2014-Present), 0.15 (2008-2014), 0.5 (Prior to 2008)",N,NA,NA,275,Data not reported to CDEC; Sensor depths vary between 6.1 and 7.6 feet,Water Quality Portal (Internal DES),NA,12/3/2007,present
MSD,SAN JOAQUIN RIVER AT MOSSDALE BRIDGE,"Mike Dempsey, Michelle Nelson & Scott Waller",DES-Environmental Monitoring Program,Mike.Dempsey@water.ca.gov; Michelle.Nelson@water.ca.gov; Scott.Waller@water.ca.gov,Y,Active,Surface,Floating at Surface,1,1,N,YSI(2008-Present); Schneider Instruments (Prior to 2008),"EXO (22 JUN 2016-Present), 6600 (04 FEB 2008-22 JUN 2016), RM25 (Prior to 2008)","F, C",0.1,"0.2 (2014-Present), 0.15 (2008-2014), 0.5 (Prior to 2008)",Y,N,NA,12,NA,Water Quality Portal (Internal DES),NA,1/23/1984,10/22/2008
PPT,PRISONERS POINT,"Mike Dempsey, Michelle Nelson & Scott Waller",DES-Environmental Monitoring Program,Mike.Dempsey@water.ca.gov; Michelle.Nelson@water.ca.gov; Scott.Waller@water.ca.gov,Y,Active,Surface,Fixed from Surface,1,1,N,YSI,"EXO (14 APR 2018-Present), 6600 (2008-2018)",F,0.1,"0.2 (April 2018-Present), 0.15 (2008-March 2018)",N,N,NA,8,NA,Water Quality Portal (Internal DES),NA,NA,NA
RRI,ROUGH AND READY ISLAND,"Mike Dempsey, Michelle Nelson & Scott Waller",DES-Environmental Monitoring Program,Mike.Dempsey@water.ca.gov; Michelle.Nelson@water.ca.gov; Scott.Waller@water.ca.gov,Y,Active,Surface,Floating at Surface,1,1,N,YSI(2008-Present); Schneider Instruments (Prior to 2008),"EXO (16 MAR 2016-Present), 6600 (06 FEB 2008-16 MAR 2016), RM25 (Prior to 2008)",F,0.1,"0.2 (2014-Present), 0.15 (2008-2014), 0.5 (Prior to 2008)",Y,N,NA,25,NA,Water Quality Portal (Internal DES),NA,5/10/1983,8/28/2000
RRI- Bottom Sensor ,ROUGH AND READY ISLAND,"Mike Dempsey, Michelle Nelson & Scott Waller",DES-Environmental Monitoring Program,Mike.Dempsey@water.ca.gov; Michelle.Nelson@water.ca.gov; Scott.Waller@water.ca.gov,N,Active,Bottom,Bottom,6,6.5,N,YSI,EXO,NA,0.1,"0.2 (2014-Present), 0.15 (2008-2014), 0.5 (Prior to 2008)",N,NA,NA,25,Data not reported to CDEC; Sensor depths vary between 6 and 7 feet,Water Quality Portal (Internal DES),NA,1/1/2008,present
RRI- Middle Sensor,ROUGH AND READY ISLAND,"Mike Dempsey, Michelle Nelson & Scott Waller",DES-Environmental Monitoring Program,Mike.Dempsey@water.ca.gov; Michelle.Nelson@water.ca.gov; Scott.Waller@water.ca.gov,N,Active,Middle,Bottom,3,4.5,N,YSI,EXO,NA,0.1,"0.2 (2014-Present), 0.15 (2008-2014), 0.5 (Prior to 2008)",N,NA,NA,25,Data not reported to CDEC; Sensor depths vary between 4.27 and 5.2 feet,Water Quality Portal (Internal DES),NA,1/1/2008,present
RVB,SACRAMENTO RIVER AT RIO VISTA BRIDGE,"Mike Dempsey, Michelle Nelson & Scott Waller",DES-Environmental Monitoring Program,Mike.Dempsey@water.ca.gov; Michelle.Nelson@water.ca.gov; Scott.Waller@water.ca.gov,Y,Active,Surface,Floating at Surface,1,1,N,YSI(2008-Present); Schneider Instruments (Prior to 2008),"EXO (19 APR 2016-Present), 6600 (22 SEP 2008-19 APR 2016), RM25 (Prior to 2008)","F, C",0.1,"0.2 (2014-Present), 0.15 (2008-2014), 0.5 (Prior to 2008)",N,N,NA,38,NA,Water Quality Portal (Internal DES),NA,5/16/1983,5/30/2007
RYC,SUISUN BAY – CUTOFF NEAR RYER,"Mike Dempsey, Michelle Nelson & Scott Waller",DES-Environmental Monitoring Program,Mike.Dempsey@water.ca.gov; Michelle.Nelson@water.ca.gov; Scott.Waller@water.ca.gov,Y,Active,Surface,Fixed from Surface,"~1m under surface of the water, so it is fixed to the bottom, it does not float up and down with the tide",2,N,YSI,6600,F,0.1,0.15,N,N,NA,210,Sensor depths vary between 0.91 and 2.44 feet,Water Quality Portal (Internal DES),NA,NA,NA
SJR,SAN JOAQUIN R MCCUNE STATION NR VERNALIS,"Mike Dempsey, Michelle Nelson & Scott Waller",DES-Environmental Monitoring Program,Mike.Dempsey@water.ca.gov; Michelle.Nelson@water.ca.gov; Scott.Waller@water.ca.gov,Y,Active,Surface,Floating at Surface,1,1,N,YSI,"EXO (2014-Present), 6600 (2008-16 APR 2014)","F, C",0.1,"0.2 (2014-Present), 0.15 (2008-2014)",Y,N,NA,8,NA,Water Quality Portal (Internal DES),NA,7/26/2005,10/20/2008
SRH,SACRAMENTO RIVER AT HOOD,"Mike Dempsey, Michelle Nelson & Scott Waller",DES-Environmental Monitoring Program,Mike.Dempsey@water.ca.gov; Michelle.Nelson@water.ca.gov; Scott.Waller@water.ca.gov,Y,Active,Surface,Floating at Surface,1,1,N,YSI(2008-Present); Schneider Instruments (Prior to 2008),"EXO (07 OCT 2015-Present), 6600 (11 MAR 2008-07 OCT 2015), RM25 (Prior to 2008)",F,0.1,"0.2 (2014-Present), 0.15 (2008-2014), 0.5 (Prior to 2008)",Y,N,NA,22,NA,Water Quality Portal (Internal DES),NA,NA,NA
SSI,SACRAMENTO R NR SHERMAN ISLAND,"Mike Dempsey, Michelle Nelson & Scott Waller",DES-Environmental Monitoring Program,Mike.Dempsey@water.ca.gov; Michelle.Nelson@water.ca.gov; Scott.Waller@water.ca.gov,Y,Active,Surface,Floating at Surface,"~1m under surface of the water, so it is fixed to the bottom, it does not float up and down with the tide",1.5,N,YSI,EXO,F,0.1,0.15,N,N,NA,195,Sensor depths vary between 0.8 and 2.1 feet,Water Quality Portal (Internal DES),NA,NA,NA
TWI,SAN JOAQUIN RIVER AT TWITCHELL ISLAND,"Mike Dempsey, Michelle Nelson & Scott Waller",DES-Environmental Monitoring Program,Mike.Dempsey@water.ca.gov; Michelle.Nelson@water.ca.gov; Scott.Waller@water.ca.gov,Y,Active,Surface,Floating at Surface,"~1m under surface of the water, so it is fixed to the bottom, it does not float up and down with the tide",1,N,YSI,6600,F,0.1,0.15,N,N,NA,8,Sensor depths vary between 1.16 and 2.3 feet,Water Quality Portal (Internal DES),NA,NA,NA
BDL,BELDON LANDING,"Edwin Limanto, George Benny & Asha Pluton",DES-Suisun Marsh,Edwin.Limanto@water.ca.gov; George.Benny@water.ca.gov; Asha.Pluton@water.ca.gov,Y,Active,Surface,Surface,1,1,N,YSI,EXO 2,F,0.1,0.15,N,N,NA,7,NA,Water Quality Portal (Internal DES),S-49,10/1/1998,present
BLL,BLACKLOCK (NE1),"Edwin Limanto, George Benny & Asha Pluton",DES-Suisun Marsh,Edwin.Limanto@water.ca.gov; George.Benny@water.ca.gov; Asha.Pluton@water.ca.gov,Y,Active,Surface,Surface,1,1,N,YSI,6600,F,0.1,0.15,N,N,NA,5,Channel station; additional data inside flooded island,Water Quality Portal (Internal DES),NA,7/2/2014,11/1/2018
CSE,COLLINSVILLE ON SACRAMENTO RIVER,"Edwin Limanto, George Benny & Asha Pluton",DES-Suisun Marsh,Edwin.Limanto@water.ca.gov; George.Benny@water.ca.gov; Asha.Pluton@water.ca.gov,Y,Active,Surface,Surface,1,1,N,YSI,EXO 2,F,0.1,0.15,N,N,NA,50,NA,Water Quality Portal (Internal DES),C2B,10/1/2001,present
CYG,CYGNUS-CORDELIA SLOUGH,"Edwin Limanto, George Benny & Asha Pluton",DES-Suisun Marsh,Edwin.Limanto@water.ca.gov; George.Benny@water.ca.gov; Asha.Pluton@water.ca.gov,Y,Active,Surface,Surface,1,1,N,Foxboro,Foxboro Cyngus 872,F,0.1,0.15,N,N,NA,6,NA,Water Quality Portal (Internal DES),S-33,10/1/1998,present
FLT,GOODYEAR SLOUGH OUTFALL @ NAVAL FLEET,"Edwin Limanto, George Benny & Asha Pluton",DES-Suisun Marsh,Edwin.Limanto@water.ca.gov; George.Benny@water.ca.gov; Asha.Pluton@water.ca.gov,Y,Active,Surface,Surface,1,1,N,YSI,EXO 2,F,0.1,0.15,N,N,NA,2,Human-made channel draining natural slough,Water Quality Portal (Internal DES),A-96,10/1/1998,present
GOD,GODFATHER II ON SUISUN SLOUGH,"Edwin Limanto, George Benny & Asha Pluton",DES-Suisun Marsh,Edwin.Limanto@water.ca.gov; George.Benny@water.ca.gov; Asha.Pluton@water.ca.gov,Y,Active,Surface,Surface,1,1,N,YSI,EXO 2,F,0.1,0.15,N,N,NA,7,NA,Water Quality Portal (Internal DES),S-37,10/1/1998,present
GYS,GOODYEAR SLOUGH,"Edwin Limanto, George Benny & Asha Pluton",DES-Suisun Marsh,Edwin.Limanto@water.ca.gov; George.Benny@water.ca.gov; Asha.Pluton@water.ca.gov,Y,Active,Surface,Surface,1,1,N,YSI,EXO 2,F,0.1,0.15,N,N,NA,4,NA,Water Quality Portal (Internal DES),S-35,10/1/1998,present
HUN,HUNTER CUT AT MONTEZUMA SLOUGH,"Edwin Limanto, George Benny & Asha Pluton",DES-Suisun Marsh,Edwin.Limanto@water.ca.gov; George.Benny@water.ca.gov; Asha.Pluton@water.ca.gov,Y,Active,Surface,Surface,1,1,N,YSI,EXO 2,F,0.1,0.15,N,N,NA,7,NA,Water Quality Portal (Internal DES),S-54,10/1/1998,present
IBS,IBIS,"Edwin Limanto, George Benny & Asha Pluton",DES-Suisun Marsh,Edwin.Limanto@water.ca.gov; George.Benny@water.ca.gov; Asha.Pluton@water.ca.gov,Y,Active,Surface,Surface,1,1,N,YSI,EXO 2,F,0.1,0.15,N,N,NA,3,NA,Water Quality Portal (Internal DES),S-97,10/1/1998,present
MSL,MONTEZUMA SLOUGH AT ROARING R,"Edwin Limanto, George Benny & Asha Pluton",DES-Suisun Marsh,Edwin.Limanto@water.ca.gov; George.Benny@water.ca.gov; Asha.Pluton@water.ca.gov,Y,Active,Surface,Surface,1,1,N,YSI,EXO 2,F,0.1,0.15,N,N,NA,6,NA,Water Quality Portal (Internal DES),S-71,10/1/1998,present
NSL,NATIONAL STEEL,"Edwin Limanto, George Benny & Asha Pluton",DES-Suisun Marsh,Edwin.Limanto@water.ca.gov; George.Benny@water.ca.gov; Asha.Pluton@water.ca.gov,Y,Active,Surface,Surface,1,1,N,YSI,EXO 2,F,0.1,0.15,N,N,NA,5,NA,Water Quality Portal (Internal DES),S-64,10/1/1998,present
ROR,ROARING RIVER,"Edwin Limanto, George Benny & Asha Pluton",DES-Suisun Marsh,Edwin.Limanto@water.ca.gov; George.Benny@water.ca.gov; Asha.Pluton@water.ca.gov,Y,Active,Surface,Surface,1,1,N,YSI,6600,F,0.1,0.15,N,N,NA,4,Channel with flow control gates,Water Quality Portal (Internal DES),S-72,10/1/1998,present
SNC,SUNRISE CLUB,"Edwin Limanto, George Benny & Asha Pluton",DES-Suisun Marsh,Edwin.Limanto@water.ca.gov; George.Benny@water.ca.gov; Asha.Pluton@water.ca.gov,Y,Active,Surface,Surface,1,1,N,YSI,EXO 2,F,0.1,0.15,N,N,NA,5,NA,Water Quality Portal (Internal DES),S-21,10/1/1998,present
TEA,TEAL CLUB AT FRANK HORAN SLOUGH,"Edwin Limanto, George Benny & Asha Pluton",DES-Suisun Marsh,Edwin.Limanto@water.ca.gov; George.Benny@water.ca.gov; Asha.Pluton@water.ca.gov,Y,Active,Surface,Surface,1,1,N,YSI,6600,F,0.1,0.15,N,N,NA,5,NA,Water Quality Portal (Internal DES),S-28,10/1/1998,present
VOL,VOLANTI,"Edwin Limanto, George Benny & Asha Pluton",DES-Suisun Marsh,Edwin.Limanto@water.ca.gov; George.Benny@water.ca.gov; Asha.Pluton@water.ca.gov,Y,Active,Surface,Surface,1,1,N,YSI,EXO 2,F,0.1,0.15,N,N,NA,13,NA,Water Quality Portal (Internal DES),S-42,10/1/1998,present
BET,BETHEL ISLAND AT PIPER SLOUGH,Patrick Scott & Jared Frantzich,NCRO- Water Quality Evaluation Section,Patrick.Scott@water.ca.gov; Jared.Frantzich@water.ca.gov,Y,Active,Surface,Surface,1 to 2,0.694,N,YSI,"EXO C/T Probe (Installed 10/03/2019), 6560 (6-Series)",F,0.1,0.15,N,N,NA,18,Sensor depths vary between 0.434 and 0.933 feet,Water Data Library (Public),B9504500,5/12/2014,present
BLP,SAN JOAQUIN RIVER AT BLIND POINT,Patrick Scott & Jared Frantzich,NCRO- Water Quality Evaluation Section,Patrick.Scott@water.ca.gov; Jared.Frantzich@water.ca.gov,Y,Active,Surface,Surface,NA,0.623,Y,YSI,"EXO C/T Probe (installed 2/04/2020), 6560 (6-Series)",F,0.1,0.15,N,N,NA,2,"Sensor depths vary between 0.434 and 0.933 feet; on 11/16/2012 in-situ housing was constructed. Prior to that, measured water was pumped into a holding tank located in a corrugated metal housing. The pumping method resulted in erroneous water temperatures, especially during summer",Water Data Library (Public),B9502900,2/3/2010,present
DGL,DOUGHTY CUT ABOVE GRANT LINE CANAL,Patrick Scott & Jared Frantzich,NCRO- Water Quality Evaluation Section,Patrick.Scott@water.ca.gov; Jared.Frantzich@water.ca.gov,Y,Active,Surface,Surface,1,NA,N,YSI,"600LS from 8/9/18 to present, 6560 (6-Series)",F,0.1,"0.1 (2018-Present), 0.15 (Prior to 2018)",N,N,NA,5,Sensor depths vary between 0.434 and 0.933 feet,Water Data Library (Public),B9532500,6/19/2006,8/8/2018
FAL,FALSE RIVER NEAR OAKLEY,Patrick Scott & Jared Frantzich,NCRO- Water Quality Evaluation Section,Patrick.Scott@water.ca.gov; Jared.Frantzich@water.ca.gov,Y,Active,Surface,Surface,1 to 2,1.52,Y,YSI,"EXO C/T Probe (Installed 3/16/2016), 6560 (6-Series)",F,0.1,"0.01 (2016-Present), 0.15 (Prior to 2016)",N,N,NA,6,Sensor depths vary between 0.434 and 0.933 feet,Water Data Library (Public),B9504400,10/20/2005,present
FCT,FISHERMANS CUT,Patrick Scott & Jared Frantzich,NCRO- Water Quality Evaluation Section,Patrick.Scott@water.ca.gov; Jared.Frantzich@water.ca.gov,Y,Active,Surface,Surface,1 to 2,1.43,Y,YSI,"EXO C/T Probe (Installed 2/4/2015), 6560 (6-Series)",F,0.1,"0.01 (2015-Present), 0.15 (Prior to 2015)",N,N,NA,24,Sensor depths vary between 0.434 and 0.933 feet,Water Data Library (Public),B9505000,10/7/2014,present
GCT,GRANTLINE CANAL AT TRACY RD BRIDGE,Patrick Scott & Jared Frantzich,NCRO- Water Quality Evaluation Section,Patrick.Scott@water.ca.gov; Jared.Frantzich@water.ca.gov,Y,Discontinued,Surface,Surface,1,NA,N,YSI,6560 (6-Series),F,0.1,0.15,N,N,NA,13,Sensor depths vary between 0.434 and 0.933 feet,Water Data Library (Public),B9530000,3/6/2006,8/3/2018
GLC,GRANTLINE CANAL (USGS),Patrick Scott & Jared Frantzich,NCRO- Water Quality Evaluation Section,Patrick.Scott@water.ca.gov; Jared.Frantzich@water.ca.gov,Y,Active,Surface,Surface,1 to 2,1.67,Y,YSI,"EXO C/T Probe (Installed 5/24/2018), 6560 (6-Series)",F,0.1,"0.01 (2018-Present), 0.15 (Prior to 2018)",N,N,NA,6,Sensor depths vary between 0.434 and 0.933 feet,Water Data Library (Public),B9529500,2/2/2007,present
GLE,GRANT LINE CANAL EAST,Patrick Scott & Jared Frantzich,NCRO- Water Quality Evaluation Section,Patrick.Scott@water.ca.gov; Jared.Frantzich@water.ca.gov,Y,Active,Surface,Surface,1 to 2,1.26,Y,YSI,"EXO C/T Probe (Installed 6/23/2017), 6560 (6-Series)",F,0.1,"0.01 (2017-Present), 0.15 (Prior to 2017)",N,N,NA,8.5,Sensor depths vary between 0 and 2.47 feet,Water Data Library (Public),B9532000,2/26/2013,present
HLT,MIDDLE RIVER NEAR HOLT,Patrick Scott & Jared Frantzich,NCRO- Water Quality Evaluation Section,Patrick.Scott@water.ca.gov; Jared.Frantzich@water.ca.gov,Y,Active,Surface,Surface,1 to 2,1.4,Y,YSI,"EXO C/T Probe (Installed 6/5/2019), 6560 (6-Series)",F,0.1,"0.01 (2019-Present), 0.15 (Prior to 2019)",N,N,NA,13,Sensor depths vary between 0.51 and 2.25 feet,Water Data Library (Public),B9545800,6/23/2006,present
HOL,HOLLAND CUT NEAR BETHEL ISLAND,Patrick Scott & Jared Frantzich,NCRO- Water Quality Evaluation Section,Patrick.Scott@water.ca.gov; Jared.Frantzich@water.ca.gov,Y,Active,Surface,Surface,1 to 2,1.54,Y,YSI,"EXO C/T Probe (Installed 3/26/2015), 6560 (6-Series)",F,0.1,"0.01 (2015-Present), 0.15 (Prior to 2015)",N,N,NA,9,Sensor depths vary between 0.904 and 2.44 feet,Water Data Library (Public),B9512000,10/20/2005,present
LIS,YOLO BYPASS AT LISBON,Patrick Scott & Jared Frantzich,NCRO- Water Quality Evaluation Section,Patrick.Scott@water.ca.gov; Jared.Frantzich@water.ca.gov,Y,Active,Surface,Surface,1 to 2,1.19,N,YSI,"EXO C/T Probe (Installed 6/25/2019), 6560 (6-Series)",F,0.1,"0.1 (2019-Present), 0.15 (Prior to 2019)",N,N,NA,3,Sensor depths vary between 0 and 2.11 feet,Water Data Library (Public),B91560Q,11/16/2001,present
MHO,MIDDLE RIVER NEAR HOWARD ROAD BRIDGE,Patrick Scott & Jared Frantzich,NCRO- Water Quality Evaluation Section,Patrick.Scott@water.ca.gov; Jared.Frantzich@water.ca.gov,Y,Active,Surface,Surface,1 to 2,1.54,Y,YSI,"EXO C/T Probe (Installed 10/3/2018), 6560 (6-Series)",F,0.1,"0.01 (2018-Present), 0.15 (Prior to 2018)",N,N,NA,9,Sensor depths vary between 0.299 and 2.46 feet,Water Data Library (Public),B9553100,10/1/1999,present
MIR,MINER SLOUGH NEAR SACRAMENTO RIVER,Patrick Scott & Jared Frantzich,NCRO- Water Quality Evaluation Section,Patrick.Scott@water.ca.gov; Jared.Frantzich@water.ca.gov,Y,Active,Surface,Surface,1 to 2,1.53,Y,YSI,"EXO C/T Probe (Installed 4/11/2017), 6560 (6-Series)",F,0.1,"0.01 (2017-Present), 0.15 (Prior to 2017)",N,N,NA,5,Sensor depths vary between 0.546 and 2.92 feet,Water Data Library (Public),B9147000,6/12/2015,present
MOK,MOKELUMNE R @ SAN JOAQUIN RIVER,Patrick Scott & Jared Frantzich,NCRO- Water Quality Evaluation Section,Patrick.Scott@water.ca.gov; Jared.Frantzich@water.ca.gov,Y,Active,Surface,Surface,1 to 2,1.52,Y,YSI,"EXO C/T Probe (Installed 3/16/2016), 6560 (6-Series)",F,0.1,"0.01 (2016-Present), 0.15 (Prior to 2016)",N,N,NA,12,Sensor depths vary between 0.787 and 2.46 feet,Water Data Library (Public),B9409500,4/4/2008,present
MRU,MIDDLE RIVER AT UNDINE ROAD,Patrick Scott & Jared Frantzich,NCRO- Water Quality Evaluation Section,Patrick.Scott@water.ca.gov; Jared.Frantzich@water.ca.gov,Y,Active,Surface,Surface,1 to 2,1.36,Y,YSI,"EXO C/T Probe (Installed 5/11/2017), 6560 (6-Series)",F,0.1,"0.01 (2017-Present), 0.15 (Prior to 2017)",N,N,NA,4,Sensor depths vary between 0.556 and 2.45 feet,Water Data Library (Public),B9554100,6/4/2002,present
MRX,MIDDLE RIVER NEAR TRACY BLVD,Patrick Scott & Jared Frantzich,NCRO- Water Quality Evaluation Section,Patrick.Scott@water.ca.gov; Jared.Frantzich@water.ca.gov,Y,Active,Surface,Surface,1 to 2,2.08,Y,YSI,"EXO C/T Probe (Installed 10/3/2018), 6560 (6-Series)",F,0.1,"0.01 (2018-Present), 0.15 (Prior to 2018)",N,N,NA,9,Sensor depths vary between 0.606 and 3.02 feet,Water Data Library (Public),B9550600,1/1/2003,present
MUP,MIDDLE RIVER AT UNION POINT,Patrick Scott & Jared Frantzich,NCRO- Water Quality Evaluation Section,Patrick.Scott@water.ca.gov; Jared.Frantzich@water.ca.gov,Y,Discontinued,Surface,Surface,1 to 2,NA,N,YSI,6560 (6-Series),F,0.1,0.15,N,N,NA,6,NA,Water Data Library (Public),B9550000,2/23/2006,8/14/2018
OAD,OLD RIVER NEAR DMC ABOVE DAM,Patrick Scott & Jared Frantzich,NCRO- Water Quality Evaluation Section,Patrick.Scott@water.ca.gov; Jared.Frantzich@water.ca.gov,Y,Discontinued,Surface,Surface,1,NA,N,YSI,6560 (6-Series),F,0.1,0.15,N,N,NA,8,NA,Water Data Library (Public),B9536600,1/1/2000,11/28/2017
OBI,OLD RIVER AT BACON ISLAND (USGS),Patrick Scott & Jared Frantzich,NCRO- Water Quality Evaluation Section,Patrick.Scott@water.ca.gov; Jared.Frantzich@water.ca.gov,Y,Active,Surface,Surface,1 to 2,1.98,Y,YSI,"EXO C/T Probe (Installed 1/10/2019), 6560 (6-Series)",F,0.1,"0.01 (2019-Present), 0.15 (Prior to 2019)",N,N,NA,37,"Sensor depths vary between 0.231 and 3.4 feet;  on 1/5/2019, the pile, OBI was located on, dislodged itself and floated downstream. Station was relocated to a a nearby pile at (37.968971, -121.572694); Distance from shore used to be 11 before relocation",Water Data Library (Public),B9525000,10/1/2000,4/6/2011
ODM,OLD RIVER AT DELTA MENDOTA CANAL,Patrick Scott & Jared Frantzich,NCRO- Water Quality Evaluation Section,Patrick.Scott@water.ca.gov; Jared.Frantzich@water.ca.gov,Y,Active,Surface,Surface,1 to 2,1.39,Y,YSI,"EXO C/T Probe (Installed 1/10/2019), 6560 (6-Series)",F,0.1,"0.01 (2019-Present), 0.15 (Prior to 2019)",N,N,NA,8,Sensor depths vary between 0.062 and 2.44 feet,Water Data Library (Public),B9536500,1/18/2006,present
OH1,OLD RIVER AT HEAD,Patrick Scott & Jared Frantzich,NCRO- Water Quality Evaluation Section,Patrick.Scott@water.ca.gov; Jared.Frantzich@water.ca.gov,Y,Active,Surface,Surface,1 to 2,0.953,Y,YSI,"EXO C/T Probe (Installed 4/24/2018), 6560 (6-Series)",F,0.1,"0.01 (2018-Present), 0.15 (Prior to 2018)",N,N,NA,9,Sensor depths vary between 0.192 and 3.74 feet,Water Data Library (Public),B9540000,1/1/2001,present
ORI,OLD RIVER AT CLIFTON COURT INTAKE,Patrick Scott & Jared Frantzich,NCRO- Water Quality Evaluation Section,Patrick.Scott@water.ca.gov; Jared.Frantzich@water.ca.gov,Y,Active,Surface,Surface,1 to 2,NA,Y,YSI,"EXO C/T Probe (Installed 2/6/2020), 6560 (6-Series)",F,0.1,"0.01 (2020-Present), 0.15 (Prior to 2020)",N,N,NA,6.5,NA,Water Data Library (Public),B9534100,4/10/2018,present
ORM,OLD RIVER UPSTREAM OF MOUNTAIN HOUSE CRK,Patrick Scott & Jared Frantzich,NCRO- Water Quality Evaluation Section,Patrick.Scott@water.ca.gov; Jared.Frantzich@water.ca.gov,Y,Active,Surface,Surface,1 to 2,1.34,Y,YSI,"EXO C/T Probe (Installed 6/13/2017), 6560 (6-Series)",F,0.1,"0.01 (2017-Present), 0.15 (Prior to 2017)",N,N,NA,16,Sensor depths vary between 0.318 and 2.72 feet,Water Data Library (Public),B9537000,2/25/2015,present
ORQ,OLD RIVER @ QUIMBLY IS NEAR BETHEL IS,Patrick Scott & Jared Frantzich,NCRO- Water Quality Evaluation Section,Patrick.Scott@water.ca.gov; Jared.Frantzich@water.ca.gov,Y,Active,Surface,Surface,1 to 2,1.59,Y,YSI,"EXO C/T Probe (Installed 5/15/2019), 6560 (6-Series)",F,0.1,"0.01 (2019-Present), 0.15 (Prior to 2019)",N,N,NA,25,Sensor depths vary between 0.811 and 2.31 feet,Water Data Library (Public),B9520000,10/20/2005,present
ORX,OLD RIVER ABOVE DOUGHTY CUT,Patrick Scott & Jared Frantzich,NCRO- Water Quality Evaluation Section,Patrick.Scott@water.ca.gov; Jared.Frantzich@water.ca.gov,Y,Active,Surface,Surface,1 to 2,1.38,Y,YSI,"EXO C/T Probe (Installed 5/1/2018), 6560 (6-Series)",F,0.1,"0.01 (2018-Present), 0.15 (Prior to 2018)",N,N,NA,11,Sensor depths vary between 0.612 and 2.61 feet,Water Data Library (Public),B9539000,3/21/2013,present
OSJ,OLD RIVER AT FRANKS TRACT NEAR TERMINOUS,Patrick Scott & Jared Frantzich,NCRO- Water Quality Evaluation Section,Patrick.Scott@water.ca.gov; Jared.Frantzich@water.ca.gov,Y,Active,Surface,Surface,1 to 2,1.36,Y,YSI,"EXO C/T Probe (Installed 6/29/2017), 6560 (6-Series)",F,0.1,"0.01 (2017-Present), 0.15 (Prior to 2017)",N,N,NA,122,Sensor depths vary between 0.632 and 2.2 feet,Water Data Library (Public),B9510800,10/20/2005,present
PDC,PARADISE CUT,Patrick Scott & Jared Frantzich,NCRO- Water Quality Evaluation Section,Patrick.Scott@water.ca.gov; Jared.Frantzich@water.ca.gov,Y,Active,Surface,Surface,1 to 2,1.39,Y,YSI,"EXO C/T Probe (Installed 7/9/2019), 6560 (6-Series)",F,0.1,"0.01 (2019-Present), 0.15 (Prior to 2019)",N,N,NA,4.5,Sensor depths vary between 0.629 and 2.12 feet,Water Data Library (Public),B9541000,4/30/2014,present
SGA,SUGAR CUT,Patrick Scott & Jared Frantzich,NCRO- Water Quality Evaluation Section,Patrick.Scott@water.ca.gov; Jared.Frantzich@water.ca.gov,Y,Active,Surface,Surface,1 to 2,0.929,Y,YSI,"EXO C/T Probe (Installed 7/9/2019), 6560 (6-Series)",F,0.1,"0.01 (2019-Present), 0.15 (Prior to 2019)",N,N,NA,9,Sensor depths vary between 0.255 and 1.65 feet,Water Data Library (Public),B9541500,4/30/2014,present
SJD,SAN JOAQUIN RIVER ABOVE DOS REIS,Patrick Scott & Jared Frantzich,NCRO- Water Quality Evaluation Section,Patrick.Scott@water.ca.gov; Jared.Frantzich@water.ca.gov,Y,Active,Surface,Surface,1 to 2,NA,Y,YSI,"EXO C/T Probe (Installed 7/9/2019), 6560 (6-Series)",F,0.1,"0.01 (2019-Present), 0.15 (Prior to 2019)",N,N,NA,8,NA,Water Data Library (Public),B9576000,6/10/2013,present
SOI,SACRAMENTO R DOWNSTREAM OF ISLETON,Patrick Scott & Jared Frantzich,NCRO- Water Quality Evaluation Section,Patrick.Scott@water.ca.gov; Jared.Frantzich@water.ca.gov,Y,Active,Surface,Surface,1 to 2,1.84,Y,YSI,"EXO C/T Probe (Installed 7/3/2019), 6560 (6-Series)",F,0.1,"0.01 (2019-Present), 0.15 (Prior to 2019)",N,N,NA,27,Sensor depths vary between 0.987 and 2.73 feet,Water Data Library (Public),B9125000,6/12/2015,present
SXS,STEAMBOAT SLOUGH NR SACRAMENTO R,Patrick Scott & Jared Frantzich,NCRO- Water Quality Evaluation Section,Patrick.Scott@water.ca.gov; Jared.Frantzich@water.ca.gov,Y,Active,Surface,Surface,1 to 2,1.88,Y,YSI,"EXO C/T Probe (Installed 10/5/2018), 6560 (6-Series)",F,0.1,"0.01 (2018-Present), 0.15 (Prior to 2018)",N,N,NA,24,Sensor depths vary between 0.483 and 2.72 feet,Water Data Library (Public),B9145000,6/12/2015,present
TPI,TOM PAINE SLOUGH ABV INTAKE STRUCTURE,Patrick Scott & Jared Frantzich,NCRO- Water Quality Evaluation Section,Patrick.Scott@water.ca.gov; Jared.Frantzich@water.ca.gov,Y,Active,Surface,Surface,NA,0.497,N,YSI,6560 (6-Series),F,0.1,0.15,N,N,NA,3,Sensor depths vary between 0.015 and 0.92 feet,Water Data Library (Public),B9542100,7/8/2014,present
TRN,TURNER CUT NEAR HOLT,Patrick Scott & Jared Frantzich,NCRO- Water Quality Evaluation Section,Patrick.Scott@water.ca.gov; Jared.Frantzich@water.ca.gov,Y,Active,Surface,Surface,1 to 2,1.57,Y,YSI,"EXO C/T Probe (Installed 3/26/2015), 6560 (6-Series)",F,0.1,"0.01 (2015-Present), 0.15 (Prior to 2015)",N,N,NA,23,Sensor depths vary between 0.687 and 2.53 feet,Water Data Library (Public),B9561600,6/18/2009,present
TSL,THREEMILE SLOUGH AT SAN JOAQUIN RIVER,Patrick Scott & Jared Frantzich,NCRO- Water Quality Evaluation Section,Patrick.Scott@water.ca.gov; Jared.Frantzich@water.ca.gov,Y,Active,Surface,Surface,1 to 2,1.38,Y,YSI,"EXO C/T Probe (Installed 3/26/2015), 6560 (6-Series)",F,0.1,"0.01 (2015-Present), 0.15 (Prior to 2015)",N,N,NA,8,Sensor depths vary between 0.575 and 2.19 feet,Water Data Library (Public),B9506100,4/10/2008,present
TWA,OLD RIVER AT TRACY WILDLIFE ASSOCIATION,Patrick Scott & Jared Frantzich,NCRO- Water Quality Evaluation Section,Patrick.Scott@water.ca.gov; Jared.Frantzich@water.ca.gov,Y,Active,Surface,Surface,1 to 2,1.27,Y,YSI,"EXO C/T Probe (Installed 6/12/2019), 6560 (6-Series)",F,0.1,"0.01 (2019-Present), 0.15 (Prior to 2019)",N,N,NA,10,Sensor depths vary between 1.11 and 1.5 feet,Water Data Library (Public),B9537800,7/14/1999,present
VCU,VICTORIA CANAL NEAR BYRON,Patrick Scott & Jared Frantzich,NCRO- Water Quality Evaluation Section,Patrick.Scott@water.ca.gov; Jared.Frantzich@water.ca.gov,Y,Active,Surface,Surface,1 to 2,1.58,Y,YSI,"EXO C/T Probe (Installed 6/23/2016), 6560 (6-Series)",F,0.1,"0.01 (2016-Present), 0.15 (Prior to 2016)",N,N,NA,20,Sensor depths vary between 0.865 and 2.27 feet,Water Data Library (Public),B9528500,3/30/2007,present
WCI,WEST CANAL AT CLIFTON COURT INTAKE,Patrick Scott & Jared Frantzich,NCRO- Water Quality Evaluation Section,Patrick.Scott@water.ca.gov; Jared.Frantzich@water.ca.gov,Y,Active,Surface,Surface,1 to 2,NA,Y,YSI,"EXO C/T Probe (Installed 2/6/2020), 6560 (6-Series)",F,0.1,"0.01 (2020-Present), 0.15 (Prior to 2020)",N,N,NA,11,NA,Water Data Library (Public),B9533800,4/10/2018,present
MAB,MIDDLE RIVER ABOVE BARRIER,Dave Huston,NCRO-Flow Monitoring and Special Studies Section,Dave.Huston@water.ca.gov,Y,Active,Bottom,Surface,NA,NA,N,Teledyne RD Instruments & In-Situ,"ChannelMaster ADCP 600 kHz (until 2016), Level Troll 700H (2016 - Present)",F,0.1,0.2 C & 0.1 C,Y,N,NA,6,"Sensor depth is variable, inconsistent",Water Data Library (Public),B95502,4/23/2013,present
RCS,RIDGE CUT SLOUGH AT KNIGHTS LANDING,Dave Huston,NCRO-Flow Monitoring and Special Studies Section,Dave.Huston@water.ca.gov,Y,Active,Bottom,Surface,NA,NA,N,Teledyne RD Instruments & In-Situ,"ChannelMaster ADCP 600 kHz (until 2016), Level Troll 700H (2016 - Present)",F,0.1,0.2 C & 0.1 C,Y,N,NA,3,"Sensor depth is variable, inconsistent; Ridge Cut is an extension of the Colusa Drain and is also ""connected"" to the Sacramento River via the Colusa Outfall Gates.  It's really more of gravity flow freshwater channel that has the occasional ""backwater"" due to gate operations causing the water to sometimes flow backwards into the Sacramento River.",Water Data Library (Public),A02939,4/13/2006,present
SJC,SAN JOAQUIN RIVER NEAR BUCKLEY COVE,Dave Huston,NCRO-Flow Monitoring and Special Studies Section,Dave.Huston@water.ca.gov,Y,Active,Bottom,Surface,NA,NA,N,Teledyne RD Instruments & In-Situ,"ChannelMaster ADCP 300 kHz (until 2018), Level Troll 700H (2018 - Present)",F,0.1,0.2 C & 0.1 C,Y,N,NA,16,"Sensor depth is variable, inconsistent",Water Data Library (Public),B95640Q,6/11/2018,present
BAC,BACON ISLAND AT OLD RIVER,Kenneth Karcher & Matt Mulligan,NCRO-Surface Water Section,Kenneth.Karcher@water.ca.gov; Matthew.Mulligan@water.ca.gov ,Y,Active,Bottom,Surface,0 to 1,NA,N,YSI,600LS,F,0.1,0.1,N,N,NA,4,Sensor depth is 0-1 from bottom,Water Data Library (Public),B95250,6/1/2008,present
BDT,SAN JOAQUIN R AT BRANDT BRIDGE,Kenneth Karcher & Matt Mulligan,NCRO-Surface Water Section,Kenneth.Karcher@water.ca.gov; Matthew.Mulligan@water.ca.gov ,Y,Active,Bottom,Surface,0 to 1,NA,N,YSI,600LS,F,0.1,0.1,N,N,NA,5,Sensor depth is 0-1 from bottom,Water Data Library (Public),B95740 ,10/1/1988,present
BIR,MIDDLE R AT BACON ISLAND RD,Kenneth Karcher & Matt Mulligan,NCRO-Surface Water Section,Kenneth.Karcher@water.ca.gov; Matthew.Mulligan@water.ca.gov ,Y,Active,Bottom,Surface,0 to 1,NA,N,YSI,600LS,F,0.1,0.1,N,N,NA,5,Sensor depth is 0-1 from bottom,NA,NA,NA,NA
DAR,DRAINAGE AT ARBOR ROAD ,Kenneth Karcher & Matt Mulligan,NCRO-Surface Water Section,Kenneth.Karcher@water.ca.gov; Matthew.Mulligan@water.ca.gov ,Y,Active,Bottom,Surface,0 to 1,NA,N,YSI,600LS,C,0.1,0.1,N,N,NA,1,Sensor depth is 0-1 from bottom,NA,NA,NA,NA
ECD,EAST CONTRA COSTA ID PP#1,Kenneth Karcher & Matt Mulligan,NCRO-Surface Water Section,Kenneth.Karcher@water.ca.gov; Matthew.Mulligan@water.ca.gov ,Y,Active,Bottom,Surface,0 to 1,NA,N,YSI,600LS,C,0.1,0.1,N,N,NA,3,Sensor depth is 0-1 from bottom,Water Data Library (Public),B95242,3/1/2008,present
MHR,MIDDLE RIVER AT HOWARD ROAD BRIDGE,Kenneth Karcher & Matt Mulligan,NCRO-Surface Water Section,Kenneth.Karcher@water.ca.gov; Matthew.Mulligan@water.ca.gov ,Y,Discontinued,Bottom,Surface,0 to 1,NA,N,YSI,600LS,F,0.1,0.1,N,N,NA,6,Sensor depth is 0-1 from bottom,Water Data Library (Public),B95530,6/1/2008,7/7/2010
MKN,NF MOKELUMNE R BLW SNODGRASS SLOUGH,Kenneth Karcher & Matt Mulligan,NCRO-Surface Water Section,Kenneth.Karcher@water.ca.gov; Matthew.Mulligan@water.ca.gov ,Y,Active,Bottom,Surface,0 to 1,NA,N,YSI,600LS,C,0.1,0.1,N,N,NA,5,Sensor depth is 0-1 from bottom,Water Data Library (Public),B94133,10/1/1990,present
MTB,MIDDLE RIVER AT TRACY BLVD,Kenneth Karcher & Matt Mulligan,NCRO-Surface Water Section,Kenneth.Karcher@water.ca.gov; Matthew.Mulligan@water.ca.gov ,Y,Active,Bottom,Surface,0 to 1,NA,N,YSI,600LS,F,0.1,0.1,N,N,NA,6,Sensor depth is 0-1 from bottom,Water Data Library (Public),B95503,10/1/1988,present
OBD,OLD RIVER NEAR DMC BELOW DAM,Kenneth Karcher & Matt Mulligan,NCRO-Surface Water Section,Kenneth.Karcher@water.ca.gov; Matthew.Mulligan@water.ca.gov ,Y,Discontinued,Bottom,Surface,0 to 1,NA,N,YSI,600LS,F,0.1,0.1,N,N,NA,5,Sensor depth is 0-1 from bottom,Water Data Library (Public),B95365,10/1/1997,7/2/2010
OLD,OLD RIVER NEAR TRACY,Kenneth Karcher & Matt Mulligan,NCRO-Surface Water Section,Kenneth.Karcher@water.ca.gov; Matthew.Mulligan@water.ca.gov ,Y,Active,Bottom,Surface,0 to 1,NA,N,YSI,600LS,F,0.1,0.1,N,N,NA,5,Sensor depth is 0-1 from bottom,Water Data Library (Public),B95380 ,10/1/1988,present
PCO,PARADISE CUT ABV OLD R,Kenneth Karcher & Matt Mulligan,NCRO-Surface Water Section,Kenneth.Karcher@water.ca.gov; Matthew.Mulligan@water.ca.gov ,Y,Active,Bottom,Surface,0 to 1,NA,N,YSI,600LS,F,0.1,0.1,N,N,NA,5,Sensor depth is 0-1 from bottom,Water Data Library (Public),B95410 ,1/1/2008,present
RSL,ROCK SLOUGH ABV CONTRA COSTA CANAL,Kenneth Karcher & Matt Mulligan,NCRO-Surface Water Section,Kenneth.Karcher@water.ca.gov; Matthew.Mulligan@water.ca.gov ,Y,Active,Bottom,Surface,0 to 1,NA,N,YSI,600LS,F,0.1,0.1,N,N,NA,3,Sensor depth is 0-1 from bottom,Water Data Library (Public),B95218,11/1/2008,present
SJL,SAN JOAQUIN R BLW OLD R NEAR LATHROP,Kenneth Karcher & Matt Mulligan,NCRO-Surface Water Section,Kenneth.Karcher@water.ca.gov; Matthew.Mulligan@water.ca.gov ,Y,Active,Bottom,Surface,0 to 1,NA,N,YSI,600LS,F,0.1,0.1,N,N,NA,5,Sensor depth is 0-1 from bottom,Water Data Library (Public),B95765,12/17/2007,present
SR3,THREE MILE SLOUGH AT SAN JOAQUIN R,Kenneth Karcher & Matt Mulligan,NCRO-Surface Water Section,Kenneth.Karcher@water.ca.gov; Matthew.Mulligan@water.ca.gov ,Y,Active,Bottom,Surface,0 to 1,NA,N,YSI,600LS,C,0.1,0.1,N,N,NA,5,Sensor depth is 0-1 from bottom,Water Data Library (Public),B95060,10/1/1990,present
SUR,SUGAR CUT,Kenneth Karcher & Matt Mulligan,NCRO-Surface Water Section,Kenneth.Karcher@water.ca.gov; Matthew.Mulligan@water.ca.gov ,Y,Active,Bottom,Surface,0 to 1,NA,N,YSI,600LS,F,0.1,0.1,N,N,NA,5,Sensor depth is 0-1 from bottom,Water Data Library (Public),B95422,6/25/2008,present
SUS,STEAMBOAT SLOUGH BLW SUTTER SLOUGH,Kenneth Karcher & Matt Mulligan,NCRO-Surface Water Section,Kenneth.Karcher@water.ca.gov; Matthew.Mulligan@water.ca.gov ,Y,Active,Bottom,Surface,0 to 1,NA,N,YSI,600LS,C,0.1,0.1,N,N,NA,5,Sensor depth is 0-1 from bottom,Water Data Library (Public),B91479,10/1/1990,present
SWE,SACRAMENTO R AT WALNUT GROVE EC,Kenneth Karcher & Matt Mulligan,NCRO-Surface Water Section,Kenneth.Karcher@water.ca.gov; Matthew.Mulligan@water.ca.gov ,Y,Active,Bottom,Surface,0 to 1,NA,N,YSI,600LS,C,0.1,0.1,N,N,NA,10,Sensor depth is 0-1 from bottom,Water Data Library (Public),B91650,10/1/1988,present
TMS,THREE MILE SLOUGH ,Kenneth Karcher & Matt Mulligan,NCRO-Surface Water Section,Kenneth.Karcher@water.ca.gov; Matthew.Mulligan@water.ca.gov ,Y,Active,Bottom,Surface,0 to 1,NA,N,YSI,600LS,F,0.1,0.1,N,N,NA,50,Sensor depth is 0-1 from bottom,NA,NA,NA,NA
BKS,BARKER SLOUGH PUMPING PLANT (KG000000),"Tanya Veldhuizen, Daniel Wisheropp & Mike Taliaferro",O&M-Delta Field Division,Tanya.Veldhuizen@water.ca.gov; Mike.Taliaferro@water.ca.gov; Daniel.Wisheropp@water.ca.gov,Y,Active,NA,Surface,NA,8,N,Foxboro,875EC-A3F-A,"F, C",0.1,0.1,N,Y,Outlier filter of 5 - 30 degrees,0,NA,Water Data Library- WT from grab samples and handheld available,NA,NA,NA
CLC,CLIFTON COURT,"Tanya Veldhuizen, Daniel Wisheropp & Mike Taliaferro",O&M-Delta Field Division,Tanya.Veldhuizen@water.ca.gov; Mike.Taliaferro@water.ca.gov; Daniel.Wisheropp@water.ca.gov,Y,Active,NA,Surface,1,8,N,Foxboro,875EC-A2F-A,C,0.1,0.1,N,Y,Outlier filter of 5 - 30 degrees,0,NA,Water Data Library- WT from grab samples and handheld available,NA,NA,NA
CPP,CORDELIA PUMPING PLANT (KG002111),"Tanya Veldhuizen, Daniel Wisheropp & Mike Taliaferro",O&M-Delta Field Division,Tanya.Veldhuizen@water.ca.gov; Mike.Taliaferro@water.ca.gov; Daniel.Wisheropp@water.ca.gov,Y,Active,NA,Surface,NA,6,N,Foxboro,875EC-A2F-A,"F, C",0.1,0.1,N,Y,Outlier filter of 5 - 30 degrees,0,NA,Water Data Library- WT from grab samples and handheld available,NA,NA,NA
DV7,DEL VALLE CHECK 7 (KB001638),"Tanya Veldhuizen, Daniel Wisheropp & Mike Taliaferro",O&M-Delta Field Division,Tanya.Veldhuizen@water.ca.gov; Mike.Taliaferro@water.ca.gov; Daniel.Wisheropp@water.ca.gov,Y,Active,NA,Surface,1,8,N,Foxboro,875EC-A2F-A,"F, C",0.1,0.1,N,Y,Outlier filter of 5 - 30 degrees,0,NA,Water Data Library- WT from grab samples and handheld available,NA,NA,NA
DYR,DYER RESERVOIR,"Tanya Veldhuizen, Daniel Wisheropp & Mike Taliaferro",O&M-Delta Field Division,Tanya.Veldhuizen@water.ca.gov; Mike.Taliaferro@water.ca.gov; Daniel.Wisheropp@water.ca.gov,Y,Active,NA,Surface,NA,10,N,Foxboro,875EC-A2F-A,C,0.1,0.1,N,Y,Outlier filter of 5 - 30 degrees,0,NA,Water Data Library- WT from grab samples and handheld available,NA,NA,NA
HBP,HARVEY O BANKS PUMPING P (KA000331),"Tanya Veldhuizen, Daniel Wisheropp & Mike Taliaferro",O&M-Delta Field Division,Tanya.Veldhuizen@water.ca.gov; Mike.Taliaferro@water.ca.gov; Daniel.Wisheropp@water.ca.gov,Y,Active,NA,Surface,1,10,N,Foxboro,875EC-A3F-A,"F, C",0.1,0.1,N,Y,Outlier filter of 5 - 30 degrees,0,NA,Water Data Library- WT from grab samples and handheld available,NA,NA,NA
DLC,DELTA CROSS CHANNEL BTW SAC R & SNODGRAS,Catherine Ruhl,USGS-Water Science Center,cruhl@usgs.gov,Y,Active,Surface,Bottom,NA,1,N,YSI,EXO 2,F,0.1,0.01,N,N,NA,20,NA,National Water Information System (Public),11336600,12/1/2009,present
DSJ,DUTCH SLOUGH AT JERSEY ISLAND,Catherine Ruhl,USGS-Water Science Center,cruhl@usgs.gov,Y,Active,Surface,Bottom,NA,1,N,YSI,EXO 2,F,0.1,0.01,N,N,NA,10,NA,National Water Information System (Public),11313433,12/9/2009,present
DWS,SACRAMENTO DEEP WATER SHIPPING CHANNEL,Catherine Ruhl,USGS-Water Science Center,cruhl@usgs.gov,Y,Active,Surface,Bottom,NA,1,N,YSI,EXO 2,F,0.1,0.01,N,N,NA,37,NA,National Water Information System (Public),11455335,8/4/2008,present
FPT,SACRAMENTO RIVER AT FREEPORT,Catherine Ruhl & Alex Etheridge,USGS-Water Science Center,cruhl@usgs.gov; aetherid@usgs.gov,Y,Discontinued,Surface,Bottom,NA,1,N,YSI,EXO 2,F,0.1,0.01,N,N,NA,59,Active on NWIS,National Water Information System (Public),11447650,10/1/2007,present
GES,SACRAMENTO RIVER BELOW GEORGIANA SLOUGH,Catherine Ruhl & Alex Etheridge,USGS-Water Science Center,cruhl@usgs.gov; aetherid@usgs.gov,Y,Active,Surface,Bottom,NA,1,N,YSI,EXO 2,F,0.1,0.01,N,N,NA,5,NA,National Water Information System (Public),11447890,8/22/2013,present
GSS,GEORGIANA SLOUGH AT SACRAMENTO RIVER,Catherine Ruhl,USGS-Water Science Center,cruhl@usgs.gov,Y,Active,Surface,Bottom,NA,1,N,YSI,EXO 2,F,0.1,0.01,N,N,NA,10,NA,National Water Information System (Public),11447903,12/3/2009,present
HWB,MINER SLOUGH AT HWY 84 BRIDGE,Catherine Ruhl,USGS-Water Science Center,cruhl@usgs.gov,Y,Active,Surface,Bottom,NA,1,N,YSI,EXO 2,F,0.1,0.01,N,N,NA,12,Discontinued 6/29/2020,National Water Information System (Public),11455165,8/5/2008,present
LIB,LIBERTY ISLAND @ APPROX CNTR S END,Catherine Ruhl & Alex Etheridge,USGS-Water Science Center,cruhl@usgs.gov; aetherid@usgs.gov,Y,Active,Surface,Surface,NA,0.5,N,YSI,EXO 2,F,0.1,0.01,N,N,NA,260,NA,National Water Information System (Public),11455315,7/16/2013,present
LPS,LITTLE POTATO SLOUGH AT TERMINOUS,Catherine Ruhl,USGS-Water Science Center,cruhl@usgs.gov,Y,Active,Surface,Bottom,NA,1,N,YSI,EXO 2,F,0.1,0.01,N,N,NA,16,NA,National Water Information System (Public),11336790,11/30/2009,present
MDM,MIDDLE RIVER AT MIDDLE RIVER,Catherine Ruhl,USGS-Water Science Center,cruhl@usgs.gov,Y,Active,Surface,Bottom,NA,1,N,YSI,EXO 2,F,0.1,0.01,N,N,NA,20,NA,National Water Information System (Public),11312676,12/3/2009,present
NMR,NORTH MOKELUMNE R AT W WALNUT GROVE RD,Catherine Ruhl,USGS-Water Science Center,cruhl@usgs.gov,Y,Discontinued,Surface,Bottom,NA,1,N,YSI,EXO 2,F,0.1,0.01,N,N,NA,25,NA,National Water Information System (Public),11336685,12/13/2010,1/19/2017
OH4,OLD RIVER AT HIGHWAY 4,Catherine Ruhl,USGS-Water Science Center,cruhl@usgs.gov,Y,Active,Surface,Bottom,NA,1,N,YSI,EXO 2,F,0.1,0.01,N,N,NA,34,NA,National Water Information System (Public),11313315,12/1/2009,present
PRI,SAN JOAQUIN R AT PRISONERS PT NR TERMINO,Catherine Ruhl,USGS-Water Science Center,cruhl@usgs.gov,Y,Active,Surface,Bottom,NA,1,N,YSI,EXO 2,F,0.1,0.01,N,N,NA,100,Discontinued 5/28/2020,National Water Information System (Public),11313460,10/1/2007,present
RIP,STANISLAUS RIVER AT RIPON,David Parker,USGS-Water Science Center,drparker@usgs.gov,Y,Active,NA,NA,NA,NA,N,YSI,EXO 2,F,0.1,0.01,N,N,NA,5,NA,National Water Information System (Public),11303000,10/1/2007,present
RYF,CACHE SLOUGH ABV RYER ISLAND FERRY,Catherine Ruhl & Alex Etheridge,USGS-Water Science Center,cruhl@usgs.gov; aetherid@usgs.gov,Y,Active,Surface,Bottom,NA,1,Y,YSI,EXO 2,F,0.1,0.01,N,N,NA,229,"moved slightly downstream, on piling, in pipe (due to infrastructure/piling damage installed slightly downstream of RYI)",National Water Information System (Public),11455385,6/22/2018,present
RYI,CACHE SLOUGH AT RYER ISLAND,Catherine Ruhl & Alex Etheridge,USGS-Water Science Center,cruhl@usgs.gov; aetherid@usgs.gov,Y,Discontinued,Surface,Bottom,NA,1,Y,YSI,EXO 2,F,0.1,0.01,N,N,NA,NA,"Dicontinued 9/5/18, Moved to 11455385",National Water Information System (Public),11455350,8/15/2008,9/30/2019
SDI,SACRAMENTO RIVER AT DECKER ISLAND,Catherine Ruhl & Alex Etheridge,USGS-Water Science Center,cruhl@usgs.gov; aetherid@usgs.gov,Y,Active,Surface,Bottom,NA,1,N,YSI,EXO 2,F,0.1,0.01,N,N,NA,711,"For NWIS data, 01/15/2010 to 09/30/2013 (HYDRO EXO) , 01/25/2013 to present (BGC Project)",National Water Information System (Public),11455478,1/15/2010,present
SJG,SAN JOAQUIN RIVER AT GARWOOD BRIDGE,Catherine Ruhl,USGS-Water Science Center,cruhl@usgs.gov,Y,Active,Surface,Bottom,NA,1,N,YSI,EXO 2,F,0.1,0.01,N,N,NA,3,NA,National Water Information System (Public),11304810,12/1/2009,present
SJJ,SAN JOAQUIN RIVER AT JERSEY POINT (USGS),Catherine Ruhl & Alex Etheridge,USGS-Water Science Center,cruhl@usgs.gov; aetherid@usgs.gov,Y,Active,Surface,Bottom,NA,1,N,YSI,EXO 2,F,0.1,0.01,N,N,NA,5,"For NWIS data, 12/01/2009 to 11/01/2016, 01/14/2017 to present (Left Bank BGC Project)",National Water Information System (Public),11337190,12/1/2009,present
SMR,SOUTH MOKELUMNE R AT W WALNUT GROVE RD,Catherine Ruhl,USGS-Water Science Center,cruhl@usgs.gov,Y,Discontinued,Surface,Bottom,NA,1,N,YSI,EXO 2,F,0.1,0.01,N,N,NA,6,NA,National Water Information System (Public),11336680,12/20/2010,9/27/2017
SRV,SACRAMENTO RIVER AT RIO VISTA (USGS),Catherine Ruhl,USGS-Water Science Center,cruhl@usgs.gov,Y,Active,Surface,Bottom,NA,1,N,YSI,EXO 2,F,0.1,0.01,N,N,NA,230,Discontinued 5/12/2020,National Water Information System (Public),11455420,1/1/2010,present
SSS,STEAMBOAT SLOUGH BTW SAC R AND SUTTER SL,Catherine Ruhl,USGS-Water Science Center,cruhl@usgs.gov,Y,Discontinued,Surface,Bottom,NA,1,N,YSI,EXO 2,F,0.1,0.01,N,N,NA,3,NA,National Water Information System (Public),11447850,5/22/2014,5/4/2016
SUT,SUTTER SLOUGH AT COURTLAND,Catherine Ruhl,USGS-Water Science Center,cruhl@usgs.gov,Y,Discontinued,Surface,Bottom,NA,1,N,YSI,EXO 2,F,0.1,0.01,N,N,NA,4,NA,National Water Information System (Public),11447830,5/22/2014,5/4/2016
VNS,SAN JOAQUIN RIVER NEAR VERNALIS,David Parker,USGS-Water Science Center,drparker@usgs.gov,Y,Active,NA,NA,NA,NA,NA,NA,NA,C,0.1,NA,NA,NA,NA,NA,NA,National Water Information System (Public),11303500,10/1/2007,present
